{
  "with": {
    "answerRate": 1,
    "responseTime": 6008.172633999986,
    "responseSize": 225728,
    "requestCount": 360,
    "overheadTime": 366.2813810000134
  },
  "without": {
    "answerRate": 1,
    "responseTime": 6175.842107000035,
    "responseSize": 225728,
    "requestCount": 360,
    "overheadTime": 0
  }
}