{
  "with": {
    "answerRate": 1,
    "responseTime": 5661.279821000004,
    "responseSize": 225728,
    "requestCount": 360,
    "overheadTime": 353.0732009999974
  },
  "without": {
    "answerRate": 0.6666666666666666,
    "responseTime": 5415.021189000006,
    "responseSize": 220749,
    "requestCount": 351,
    "overheadTime": 0
  }
}