{
  "with": {
    "answerRate": 0.6666666666666666,
    "responseSize": 219371,
    "requestCount": 348,
    "metadataFetchingTime": 31.504156999999964,
    "processingTime": 488.57349999999997
  },
  "without": {
    "answerRate": 0.3333333333333333,
    "responseSize": 126313,
    "requestCount": 349,
    "metadataFetchingTime": 0,
    "processingTime": 0
  }
}