{
  "with": {
    "answerRate": 1,
    "responseSize": 225389,
    "requestCount": 351,
    "metadataFetchingTime": 80.47209600000002,
    "processingTime": 429.7582440000016
  },
  "without": {
    "answerRate": 0.6666666666666666,
    "responseSize": 223453,
    "requestCount": 348,
    "metadataFetchingTime": 0,
    "processingTime": 0
  }
}
