{
  "with": {
    "answerRate": 1,
    "responseTime": 7696.2111730000015,
    "responseSize": 225728,
    "requestCount": 360,
    "overheadTime": 461.7140280000003
  },
  "without": {
    "answerRate": 1,
    "responseTime": 7520.240435999913,
    "responseSize": 225728,
    "requestCount": 360,
    "overheadTime": 0
  }
}