{
  "with": {
    "answerRate": 1,
    "responseTime": 6496.622557999997,
    "responseSize": 225728,
    "requestCount": 360,
    "overheadTime": 359.61804699999993
  },
  "without": {
    "answerRate": 1,
    "responseTime": 5997.1445229999845,
    "responseSize": 225728,
    "requestCount": 360,
    "overheadTime": 0
  }
}