{
  "with": {
    "answerRate": 1,
    "responseTime": 6861.817260000014,
    "responseSize": 225728,
    "requestCount": 360,
    "overheadTime": 382.5821259999866
  },
  "without": {
    "answerRate": 1,
    "responseTime": 6358.375460000003,
    "responseSize": 225728,
    "requestCount": 360,
    "overheadTime": 0
  }
}
