{
  "with": {
    "answerRate": 1,
    "responseTime": 7222.882637000024,
    "responseSize": 225728,
    "requestCount": 360,
    "overheadTime": 408.1161919999777
  },
  "without": {
    "answerRate": 1,
    "responseTime": 5645.888848000046,
    "responseSize": 225728,
    "requestCount": 360,
    "overheadTime": 0
  }
}